url,length_url,length_hostname,ip,nb_dots,nb_hyphens,nb_at,nb_qm,nb_and,nb_or,nb_eq,nb_underscore,nb_tilde,nb_percent,nb_slash,nb_star,nb_colon,nb_comma,nb_semicolumn,nb_dollar,nb_space,nb_www,nb_com,nb_dslash,http_in_path,https_token,ratio_digits_url,ratio_digits_host,punycode,port,tld_in_path,tld_in_subdomain,abnormal_subdomain,nb_subdomains,prefix_suffix,random_domain,shortening_service,path_extension,nb_redirection,nb_external_redirection,length_words_raw,char_repeat,shortest_words_raw,shortest_word_host,shortest_word_path,longest_words_raw,longest_word_host,longest_word_path,avg_words_raw,avg_word_host,avg_word_path,phish_hints,domain_in_brand,brand_in_subdomain,brand_in_path,suspecious_tld,statistical_report,status
https://managewebappewtguihgdfuiksdgdhr.abigeal3.biz.id/?yyy,60,47,0,3,0,0,1,0,0,0,0,0,0,3,0,1,0,0,0,0,0,0,0,0,0,0.016666666666666666,0.02127659574468085,0,0,0,0,1,2,0,0,0,0,0,0,6,0,2,2,0,31,31,0,8.666666666666666,11.0,0.0,0,0,0,0,0,0,1
https://permohonanrumahprojek.litres-gov.my.id/c/,49,38,0,3,1,0,0,0,0,0,0,0,0,4,0,1,0,0,0,0,0,0,0,0,0,0.0,0.0,0,0,0,0,1,2,0,0,0,0,0,0,7,0,1,2,1,21,21,1,5.714285714285714,6.8,1.0,0,0,0,0,0,0,1
http://facebook-downloader.czhyk.biz.id,39,32,0,3,1,0,0,0,0,0,0,0,0,2,0,1,0,0,0,0,0,0,0,0,0,0.0,0.0,0,0,0,0,1,2,0,0,0,0,0,0,6,0,2,2,0,10,10,0,5.333333333333333,5.6,0.0,0,0,0,0,0,0,1
https://facebook.gapesta.my.id/,31,22,0,3,0,0,0,0,0,0,0,0,0,3,0,1,0,0,0,0,0,0,0,0,0,0.0,0.0,0,0,0,0,0,2,0,0,0,0,0,0,5,0,2,2,0,8,8,0,4.8,4.75,0.0,0,0,0,0,0,0,1
http://danon.rajawaliabadistore.my.id/,38,30,0,3,0,0,0,0,0,0,0,0,0,3,0,1,0,0,0,0,0,0,0,0,0,0.0,0.0,0,0,0,0,1,2,0,0,0,0,0,0,5,0,2,2,0,18,18,0,6.2,6.75,0.0,0,0,0,0,0,0,1
https://smkalbasyariyahpkc.sch.id/wp-includes/block-supports/un.htm,67,25,0,3,2,0,0,0,0,0,0,0,0,5,0,1,0,0,0,0,0,0,0,0,0,0.0,0.0,0,0,0,0,0,1,0,0,0,1,0,0,10,0,2,2,2,18,18,8,5.6,7.666666666666667,4.666666666666667,1,0,0,0,0,0,1
https://bit.ly/dana-Id-Claim-DANA_KAGET,39,6,0,1,3,0,0,0,0,0,1,0,0,3,0,1,0,0,0,0,0,0,0,0,0,0.0,0.0,0,0,0,0,0,0,0,0,1,0,0,0,8,0,2,2,2,5,3,5,3.75,2.5,4.0,0,0,0,1,0,0,1
http://link.kemkes.go.id/AZJJI,30,17,0,3,0,0,0,0,0,0,0,0,0,3,0,1,0,0,0,0,0,0,0,0,0,0.0,0.0,0,0,0,0,0,2,0,0,0,0,0,0,6,0,2,2,5,6,6,5,3.8333333333333335,3.5,5.0,0,0,0,0,0,0,0
https://s.id/Apple-jspkMeG0L_JPOCkIbS,37,4,0,1,1,0,0,0,0,0,1,0,0,3,0,1,0,0,0,0,0,0,0,0,0,0.02702702702702703,0.0,0,0,0,0,0,0,0,0,1,0,0,0,6,0,1,1,5,9,2,9,5.0,1.5,7.333333333333333,0,0,0,0,0,0,1
https://node.wilzzstore.servemcpec.my.id,40,32,0,4,0,0,0,0,0,0,0,0,0,2,0,1,0,0,0,0,0,0,0,0,0,0.0,0.0,0,0,0,0,1,3,0,0,0,0,0,0,6,0,2,2,0,10,10,0,5.5,5.6,0.0,0,0,0,0,0,0,1
https://bit.ly/layanan-Dana-klaim-Voucher,41,6,0,1,3,0,0,0,0,0,0,0,0,3,0,1,0,0,0,0,0,0,0,0,0,0.0,0.0,0,0,0,0,0,0,0,0,1,0,0,0,7,0,2,2,4,7,3,7,4.714285714285714,2.5,5.75,1,0,0,0,0,0,1
http://citramusi.co.id/?gclid=Cj0KCQjw98ujBhCgARIsAD7QeAhk7dddULSWP-bpqYHv_0nVUJ6R8kzx3sBVgWF33WvyNASDKcobcIkaAlE_EALw_wcB,122,15,0,2,1,0,1,0,0,1,3,0,0,3,0,1,0,0,0,0,0,0,0,0,0,0.09016393442622951,0.0,0,0,0,0,0,1,0,0,0,0,0,0,10,0,2,2,0,38,9,0,11.0,4.333333333333333,0.0,1,0,0,0,0,0,0
https://www.bankmandiri.co.id/,30,21,0,3,0,0,0,0,0,0,0,0,0,3,0,1,0,0,0,0,1,0,0,0,0,0.0,0.0,0,0,0,0,0,2,0,0,0,0,0,0,5,0,2,2,0,11,11,0,4.6,4.5,0.0,0,0,1,0,0,0,0
https://www.mandiri-capital.co.id/,34,25,0,3,1,0,0,0,0,0,0,0,0,3,0,1,0,0,0,0,1,0,0,0,0,0.0,0.0,0,0,0,0,0,2,0,0,0,0,0,0,6,0,2,2,0,7,7,0,4.333333333333333,4.2,0.0,0,0,1,0,0,0,0
https://www.ieltsindonesia.com/,31,22,0,2,0,0,0,0,0,0,0,0,0,3,0,1,0,0,0,0,1,1,0,0,0,0.0,0.0,0,0,0,0,0,1,0,0,0,0,0,0,4,0,3,3,0,14,14,0,6.25,6.666666666666667,0.0,0,0,0,0,0,0,1
https://www.mandiricapital.co.id/,33,24,0,3,0,0,0,0,0,0,0,0,0,3,0,1,0,0,0,0,1,0,0,0,0,0.0,0.0,0,0,0,0,0,2,0,0,0,0,0,0,5,0,2,2,0,14,14,0,5.2,5.25,0.0,0,0,1,0,0,0,0
https://node.yanpannell.bisnispanel.my.id/,42,33,0,4,0,0,0,0,0,0,0,0,0,3,0,1,0,0,0,0,0,0,0,0,0,0.0,0.0,0,0,0,0,0,3,0,0,0,0,0,0,6,0,2,2,0,11,11,0,5.666666666666667,5.8,0.0,0,0,0,0,0,0,1
https://bni.co.id/id-id/,24,9,0,2,1,0,0,0,0,0,0,0,0,4,0,1,0,0,0,0,0,0,0,0,0,0.0,0.0,0,0,0,0,0,1,0,0,0,0,0,0,6,0,2,2,2,5,3,2,2.6666666666666665,2.3333333333333335,2.0,0,0,1,0,0,0,0
https://www.djayaaspaltputramandiri.web.id/,43,34,0,3,0,0,0,0,0,0,0,0,0,3,0,1,0,0,0,0,1,0,0,0,0,0.0,0.0,0,0,0,0,1,2,0,0,0,0,0,0,5,0,2,2,0,23,23,0,7.2,7.75,0.0,0,0,1,0,0,0,0
https://www.rezekikaryamandiri.id/,34,25,0,2,0,0,0,0,0,0,0,0,0,3,0,1,0,0,0,0,1,0,0,0,0,0.0,0.0,0,0,0,0,0,1,0,0,0,0,0,0,4,0,2,2,0,18,18,0,7.0,7.666666666666667,0.0,0,0,0,0,0,0,0
https://www.primatatamandiri.id/,32,23,0,2,0,0,0,0,0,0,0,0,0,3,0,1,0,0,0,0,1,0,0,0,0,0.0,0.0,0,0,0,0,0,1,0,0,0,0,0,0,4,0,2,2,0,16,16,0,6.5,7.0,0.0,0,0,0,0,0,0,0
https://aktiifkanpaylaaterz.resmi-yaa3.my.id/,45,36,0,3,1,0,0,0,0,0,0,0,0,3,0,1,0,0,0,0,0,0,0,0,0,0.022222222222222223,0.027777777777777776,0,0,0,0,1,2,0,0,0,0,0,0,6,0,2,2,0,19,19,0,6.166666666666667,6.4,0.0,0,0,0,0,0,0,1
https://bprbalidananiaga.co.id/linkbaba/PL341/panel/admin.php,61,22,0,3,0,0,0,0,0,0,0,0,0,6,0,1,0,0,0,0,0,0,0,0,0,0.04918032786885246,0.0,0,0,0,0,0,1,0,0,0,1,0,0,9,0,2,2,3,16,16,8,5.666666666666667,6.666666666666667,5.2,0,0,1,0,0,0,0
https://www.acs.cbntunnel.web.id/,33,24,0,4,0,0,0,0,0,0,0,0,0,3,0,1,0,0,0,0,1,0,0,0,0,0.0,0.0,0,0,0,0,0,3,0,0,0,0,0,0,6,0,2,2,0,9,9,0,4.166666666666667,4.0,0.0,0,0,0,0,0,0,1
https://acs.cbntunnel.web.id/,29,20,0,3,0,0,0,0,0,0,0,0,0,3,0,1,0,0,0,0,0,0,0,0,0,0.0,0.0,0,0,0,0,0,2,0,0,0,0,0,0,5,0,2,2,0,9,9,0,4.4,4.25,0.0,0,0,0,0,0,0,1
https://www.dana.id/,20,11,0,2,0,0,0,0,0,0,0,0,0,3,0,1,0,0,0,0,1,0,0,0,0,0.0,0.0,0,0,0,0,0,1,0,0,0,0,0,0,4,0,2,2,0,5,4,0,3.5,3.0,0.0,0,1,0,0,0,0,0
https://www.etc.userinformation.sketsaindonesia.com/a3IwMDY1P3,62,43,0,4,0,0,0,0,0,0,0,0,0,3,0,1,0,0,0,0,1,1,0,0,0,0.04838709677419355,0.0,0,0,0,0,1,3,0,0,0,0,0,0,7,0,3,3,10,15,15,10,7.714285714285714,7.8,10.0,0,0,0,0,0,0,1
https://danannew-indonesiaa.hurokei.biz.id/,43,34,0,3,1,0,0,0,0,0,0,0,0,3,0,1,0,0,0,0,0,0,0,0,0,0.0,0.0,0,0,0,0,1,2,0,0,0,0,0,0,6,0,2,2,0,10,10,0,5.833333333333333,6.0,0.0,0,0,1,0,0,0,1
https://www.slbkaraktermandiribukittinggi123.websitesekolah.my.id/,66,57,0,4,0,0,0,0,0,0,0,0,0,3,0,1,0,0,0,0,1,0,0,0,0,0.045454545454545456,0.05263157894736842,0,0,0,0,1,3,0,0,0,0,0,0,6,0,2,2,0,32,32,0,9.666666666666666,10.6,0.0,0,0,1,0,0,0,0
https://slbkaraktermandiribukittinggi123.websitesekolah.my.id/,62,53,0,3,0,0,0,0,0,0,0,0,0,3,0,1,0,0,0,0,0,0,0,0,0,0.04838709677419355,0.05660377358490566,0,0,0,0,1,2,0,0,0,0,0,0,5,0,2,2,0,32,32,0,11.0,12.5,0.0,0,0,1,0,0,0,0
https://skl.pkbmglobalmandiri.id/,33,24,0,2,0,0,0,0,0,0,0,0,0,3,0,1,0,0,0,0,0,0,0,0,0,0.0,0.0,0,0,0,0,0,1,0,0,0,0,0,0,4,0,2,2,0,17,17,0,6.75,7.333333333333333,0.0,0,0,0,0,0,0,0
https://www.skl.pkbmglobalmandiri.id/,37,28,0,3,0,0,0,0,0,0,0,0,0,3,0,1,0,0,0,0,1,0,0,0,0,0.0,0.0,0,0,0,0,0,2,0,0,0,0,0,0,5,0,2,2,0,17,17,0,6.0,6.25,0.0,0,0,0,0,0,0,0
https://bintangpertiwi.id/,26,17,0,1,0,0,0,0,0,0,0,0,0,3,0,1,0,0,0,0,0,0,0,0,0,0.0,0.0,0,0,0,0,0,0,0,0,0,0,0,0,3,0,2,2,0,14,14,0,7.0,8.0,0.0,0,0,0,0,0,0,0
https://private-guzzxoffc.kedaihosting.biz.id/,46,37,0,3,1,0,0,0,0,0,0,0,0,3,0,1,0,0,0,0,0,0,0,0,0,0.0,0.0,0,0,0,0,1,2,0,0,0,0,0,0,6,0,2,2,0,12,12,0,6.333333333333333,6.6,0.0,0,0,0,0,0,0,1
https://bprbalidananiaga.co.id/,31,22,0,2,0,0,0,0,0,0,0,0,0,3,0,1,0,0,0,0,0,0,0,0,0,0.0,0.0,0,0,0,0,0,1,0,0,0,0,0,0,4,0,2,2,0,16,16,0,6.25,6.666666666666667,0.0,0,0,1,0,0,0,0
http://verification-netflix.my.id/id/login/,43,26,0,2,1,0,0,0,0,0,0,0,0,5,0,1,0,0,0,0,0,0,0,0,0,0.0,0.0,0,0,0,0,1,1,0,0,0,0,0,0,7,0,2,2,2,12,12,5,4.857142857142857,5.75,3.5,1,0,0,0,0,0,1
https://www.bca.co.id/,22,13,0,3,0,0,0,0,0,0,0,0,0,3,0,1,0,0,0,0,1,0,0,0,0,0.0,0.0,0,0,0,0,0,2,0,0,0,0,0,0,5,0,2,2,0,5,3,0,3.0,2.5,0.0,0,0,1,0,0,0,0
https://m.dana.id/n/link/danakaget,34,9,0,2,0,0,0,0,0,0,0,0,0,5,0,1,0,0,0,0,0,0,0,0,0,0.0,0.0,0,0,0,0,0,1,0,0,0,0,0,0,7,0,1,1,1,9,4,9,3.7142857142857144,2.3333333333333335,4.666666666666667,0,1,0,1,0,0,0
https://aktiffkan-paylater.stt.my.id/,37,28,0,3,1,0,0,0,0,0,0,0,0,3,0,1,0,0,0,0,0,0,0,0,0,0.0,0.0,0,0,0,0,1,2,0,0,0,0,0,0,6,0,2,2,0,9,9,0,4.833333333333333,4.8,0.0,0,0,0,0,0,0,1
https://dnapltyy-idxx.dft-tar.my.id/,36,27,0,3,2,0,0,0,0,0,0,0,0,3,0,1,0,0,0,0,0,0,0,0,0,0.0,0.0,0,0,0,0,1,2,0,0,0,0,0,0,7,0,2,2,0,8,8,0,3.857142857142857,3.6666666666666665,0.0,0,0,0,0,0,0,1
https://supplier-gas-elpiji.shck.biz.id/,40,31,0,3,2,0,0,0,0,0,0,0,0,3,0,1,0,0,0,0,0,0,0,0,0,0.0,0.0,0,0,0,0,1,2,0,0,0,0,0,0,7,0,2,2,0,8,8,0,4.428571428571429,4.333333333333333,0.0,0,0,0,0,0,0,1
https://danaaiindonesiiaa4x.azxz.my.id/,39,30,0,3,0,0,0,0,0,0,0,0,0,3,0,1,0,0,0,0,0,0,0,0,0,0.02564102564102564,0.03333333333333333,0,0,0,0,0,2,0,0,0,0,0,0,5,0,2,2,0,19,19,0,6.4,6.75,0.0,0,0,1,0,0,0,1
https://www.vz.veriifkasii-danaa-payllaterr.my.id/verify/main.html,66,41,0,5,2,0,0,0,0,0,0,0,0,4,0,1,0,0,0,0,1,0,0,0,0,0.0,0.0,0,0,0,0,1,3,0,0,0,1,0,0,11,0,2,2,4,11,11,6,4.909090909090909,5.0,4.666666666666667,0,0,1,0,0,0,1
https://danaaa-indoneesiaaa.t3rb4ru2026.my.id/,46,37,0,3,1,0,0,0,0,0,0,0,0,3,0,1,0,0,0,0,0,0,0,0,0,0.13043478260869565,0.16216216216216217,0,0,0,0,1,2,0,0,0,0,0,0,6,0,2,2,0,12,12,0,6.333333333333333,6.6,0.0,0,0,1,0,0,0,1
https://bantuan-dana.layanan-help-care.biz.id/,46,37,0,3,3,0,0,0,0,0,0,0,0,3,0,1,0,0,0,0,0,0,0,0,0,0.0,0.0,0,0,0,0,0,2,0,0,0,0,0,0,8,0,2,2,0,7,7,0,4.5,4.428571428571429,0.0,0,0,1,0,0,0,1
https://danaaindoonesia4.resmi-lzo3.my.id/,42,33,0,3,1,0,0,0,0,0,0,0,0,3,0,1,0,0,0,0,0,0,0,0,0,0.047619047619047616,0.06060606060606061,0,0,0,0,1,2,0,0,0,0,0,0,6,0,2,2,0,16,16,0,5.666666666666667,5.8,0.0,0,0,1,0,0,0,1
https://ejournal.steialfurqon.ac.id/index.php/adl/article/view/17/16,68,27,0,4,0,0,0,0,0,0,0,0,0,8,0,1,0,0,0,0,0,0,0,0,0,0.058823529411764705,0.0,0,0,0,0,1,2,0,0,0,0,0,0,12,0,2,2,2,12,12,7,4.583333333333333,6.0,3.7142857142857144,0,0,0,0,0,0,0
https://sdit-tahfidzbintangku.sch.id/,37,28,0,2,1,0,0,0,0,0,0,0,0,3,0,1,0,0,0,0,0,0,0,0,0,0.0,0.0,0,0,0,0,1,1,0,0,0,0,0,0,5,0,2,2,0,16,16,0,6.0,6.25,0.0,0,0,0,0,0,0,0
https://aktifkaan-paylatterr.dwfg.my.id/,40,31,0,3,1,0,0,0,0,0,0,0,0,3,0,1,0,0,0,0,0,0,0,0,0,0.0,0.0,0,0,0,0,1,2,0,0,0,0,0,0,6,0,2,2,0,10,10,0,5.333333333333333,5.4,0.0,0,0,0,0,0,0,1
https://aktifkaanpaylattersx.resmi-exs.my.id/,45,36,0,3,1,0,0,0,0,0,0,0,0,3,0,1,0,0,0,0,0,0,0,0,0,0.0,0.0,0,0,0,0,1,2,0,0,0,0,0,0,6,0,2,2,0,20,20,0,6.166666666666667,6.4,0.0,0,0,0,0,0,0,1
https://www.majuputramandiri.id/,32,23,0,2,0,0,0,0,0,0,0,0,0,3,0,1,0,0,0,0,1,0,0,0,0,0.0,0.0,0,0,0,0,0,1,0,0,0,0,0,0,4,0,2,2,0,16,16,0,6.5,7.0,0.0,0,0,0,0,0,0,0
https://spmb.alazharmandiri.sch.id/,35,26,0,3,0,0,0,0,0,0,0,0,0,3,0,1,0,0,0,0,0,0,0,0,0,0.0,0.0,0,0,0,0,1,2,0,0,0,0,0,0,5,0,2,2,0,14,14,0,5.6,5.75,0.0,0,0,1,0,0,0,0
https://vz.veriifkasii-danaa-payllaterr.my.id/verify/main.html,62,37,0,4,2,0,0,0,0,0,0,0,0,4,0,1,0,0,0,0,0,0,0,0,0,0.0,0.0,0,0,0,0,1,2,0,0,0,1,0,0,10,0,2,2,4,11,11,6,5.1,5.333333333333333,4.666666666666667,0,0,1,0,0,0,1
https://grenaff-coms.l3v7p8.biz.id/verify.php,45,26,0,4,1,0,0,0,0,0,0,0,0,3,0,1,0,0,0,0,0,0,0,0,0,0.06666666666666667,0.11538461538461539,0,0,0,0,1,2,0,0,0,1,0,0,8,0,2,2,3,7,7,6,4.5,4.4,4.5,0,0,0,0,0,0,1
https://danaa-indonesiaa4.resmi-wsl2.my.id/,43,34,0,3,2,0,0,0,0,0,0,0,0,3,0,1,0,0,0,0,0,0,0,0,0,0.046511627906976744,0.058823529411764705,0,0,0,0,1,2,0,0,0,0,0,0,7,0,2,2,0,11,11,0,4.857142857142857,4.833333333333333,0.0,0,0,1,0,0,0,1
https://binasyifa.co.id/,24,15,0,2,0,0,0,0,0,0,0,0,0,3,0,1,0,0,0,0,0,0,0,0,0,0.0,0.0,0,0,0,0,0,1,0,0,0,0,0,0,4,0,2,2,0,9,9,0,4.5,4.333333333333333,0.0,0,0,0,0,0,0,0
https://www.blokirkartu.eforms.id/menu.html,43,25,0,4,0,0,0,0,0,0,0,0,0,3,0,1,0,0,0,0,1,0,0,0,0,0.0,0.0,0,0,0,0,0,2,0,0,0,1,0,0,7,0,2,2,4,11,11,4,5.0,5.5,4.0,1,0,0,0,0,0,1
https://www.mandirikabelindo.com/f0n/itscom/mail.php,52,24,0,3,0,0,0,0,0,0,0,0,0,5,0,1,0,0,0,0,1,1,0,0,0,0.019230769230769232,0.0,0,0,0,0,0,1,0,0,0,1,0,0,8,0,3,3,3,16,16,6,5.375,7.333333333333333,4.0,0,0,0,0,0,0,1
https://www.smpswastadrciptomangunkusumomandiri.sch.id/,55,46,0,3,0,0,0,0,0,0,0,0,0,3,0,1,0,0,0,0,1,0,0,0,0,0.0,0.0,0,0,0,0,1,2,0,0,0,0,0,0,5,0,2,2,0,35,35,0,9.6,10.75,0.0,0,0,1,0,0,0,0
https://smpswastadrciptomangunkusumomandiri.sch.id/,51,42,0,2,0,0,0,0,0,0,0,0,0,3,0,1,0,0,0,0,0,0,0,0,0,0.0,0.0,0,0,0,0,1,1,0,0,0,0,0,0,4,0,2,2,0,35,35,0,11.25,13.333333333333334,0.0,0,0,1,0,0,0,0
https://www.cvyuflesiamandiri.web.id.jasabuatwebsitemrrbot.web.id/,66,57,0,6,0,0,0,0,0,0,0,0,0,3,0,1,0,0,0,0,1,0,0,0,0,0.0,0.0,0,0,0,1,1,5,0,0,0,0,0,0,8,0,2,2,0,21,21,0,7.0,7.285714285714286,0.0,0,0,1,0,0,0,0
https://wyxzy.cyexy.biz.id/,27,18,0,3,0,0,0,0,0,0,0,0,0,3,0,1,0,0,0,0,0,0,0,0,0,0.0,0.0,0,0,0,0,0,2,0,0,0,0,0,0,5,0,2,2,0,5,5,0,4.0,3.75,0.0,0,0,0,0,0,0,1
https://piukm.uma.ac.id/,24,15,0,3,0,0,0,0,0,0,0,0,0,3,0,1,0,0,0,0,0,0,0,0,0,0.0,0.0,0,0,0,0,0,2,0,0,0,0,0,0,5,0,2,2,0,5,5,0,3.4,3.0,0.0,0,0,0,0,0,0,0
https://aktiffka4npaylaterll.file-resmii4.my.id/,48,39,0,3,1,0,0,0,0,0,0,0,0,3,0,1,0,0,0,0,0,0,0,0,0,0.041666666666666664,0.05128205128205128,0,0,0,0,1,2,0,0,0,0,0,0,6,0,2,2,0,20,20,0,6.666666666666667,7.0,0.0,0,0,0,0,0,0,1
https://aktiffkan-paylatter.qeu.my.id/,38,29,0,3,1,0,0,0,0,0,0,0,0,3,0,1,0,0,0,0,0,0,0,0,0,0.0,0.0,0,0,0,0,1,2,0,0,0,0,0,0,6,0,2,2,0,9,9,0,5.0,5.0,0.0,0,0,0,0,0,0,1
https://mas-services.co.id/mobile/index.html,44,18,0,3,1,0,0,0,0,0,0,0,0,4,0,1,0,0,0,0,0,0,0,0,0,0.0,0.0,0,0,0,0,0,1,0,0,0,1,0,0,8,0,2,2,4,8,8,6,4.375,3.75,5.0,0,0,0,0,0,0,0
https://danaa-digital-bukablokiran.naa.my.id/,45,36,0,3,2,0,0,0,0,0,0,0,0,3,0,1,0,0,0,0,0,0,0,0,0,0.0,0.0,0,0,0,0,0,2,0,0,0,0,0,0,7,0,2,2,0,12,12,0,5.142857142857143,5.166666666666667,0.0,1,0,1,0,0,0,1
https://smait.albinaaibs.id/,28,19,0,2,0,0,0,0,0,0,0,0,0,3,0,1,0,0,0,0,0,0,0,0,0,0.0,0.0,0,0,0,0,0,1,0,0,0,0,0,0,4,0,2,2,0,10,10,0,5.5,5.666666666666667,0.0,0,0,0,0,0,0,0
https://sejahterahidupmandiri.com.bartechmedia.id/,50,41,0,3,0,0,0,0,0,0,0,0,0,3,0,1,0,0,0,0,0,1,0,0,0,0.0,0.0,0,0,0,1,1,2,0,0,0,0,0,0,5,0,2,2,0,21,21,0,8.6,9.5,0.0,0,0,1,0,0,0,0
https://www.sejahterahidupmandiri.com.bartechmedia.id/,54,45,0,4,0,0,0,0,0,0,0,0,0,3,0,1,0,0,0,0,1,1,0,0,0,0.0,0.0,0,0,0,1,1,3,0,0,0,0,0,0,6,0,2,2,0,21,21,0,7.666666666666667,8.2,0.0,0,0,1,0,0,0,0
https://tristarmandiri.my.id/,29,20,0,2,0,0,0,0,0,0,0,0,0,3,0,1,0,0,0,0,0,0,0,0,0,0.0,0.0,0,0,0,0,0,1,0,0,0,0,0,0,4,0,2,2,0,14,14,0,5.75,6.0,0.0,0,0,1,0,0,0,0
https://www.rem.id/,19,10,0,2,0,0,0,0,0,0,0,0,0,3,0,1,0,0,0,0,1,0,0,0,0,0.0,0.0,0,0,0,0,0,1,0,0,0,0,0,0,4,0,2,2,0,5,3,0,3.25,2.6666666666666665,0.0,0,0,0,0,0,0,0
https://s.pnj.ac.id/Pm2WHZ?id=h208dbf7,38,11,0,3,0,0,1,0,0,1,0,0,0,3,0,1,0,0,0,0,0,0,0,0,0,0.13157894736842105,0.0,0,0,0,0,0,2,0,0,0,0,0,0,8,0,1,1,6,8,3,6,3.625,2.0,6.0,0,0,0,0,0,0,1
https://bpsdmd.jatengprov.go.id/landing/assets/,47,23,0,3,0,0,0,0,0,0,0,0,0,5,0,1,0,0,0,0,0,0,0,0,0,0.0,0.0,0,0,0,0,1,2,0,0,0,0,0,0,7,0,2,2,6,10,10,7,5.428571428571429,5.0,6.5,0,0,0,0,0,0,1
https://1517073.cf-pann.biz.id/vhsfhqpdhdsih6/,46,22,0,3,1,0,0,0,0,0,0,0,0,4,0,1,0,0,0,0,0,0,0,0,0,0.17391304347826086,0.3181818181818182,0,0,0,0,1,2,0,0,0,0,0,0,7,0,2,2,14,14,7,14,5.285714285714286,3.6,14.0,0,0,0,0,0,0,1
https://blokir.madiunkab.go.id/,31,22,0,3,0,0,0,0,0,0,0,0,0,3,0,1,0,0,0,0,0,0,0,0,0,0.0,0.0,0,0,0,0,0,2,0,0,0,0,0,0,5,0,2,2,0,9,9,0,4.8,4.75,0.0,1,0,0,0,0,0,1
https://madiunkab.go.id/,24,15,0,2,0,0,0,0,0,0,0,0,0,3,0,1,0,0,0,0,0,0,0,0,0,0.0,0.0,0,0,0,0,0,1,0,0,0,0,0,0,4,0,2,2,0,9,9,0,4.5,4.333333333333333,0.0,0,0,0,0,0,0,0
https://nabirekab.go.id/portal/,31,15,0,2,0,0,0,0,0,0,0,0,0,4,0,1,0,0,0,0,0,0,0,0,0,0.0,0.0,0,0,0,0,0,1,0,0,0,0,0,0,5,0,2,2,6,9,9,6,4.8,4.333333333333333,6.0,0,0,0,0,0,0,0
https://kopramandiri.godaddysites.com/approval,46,29,0,2,0,0,0,0,0,0,0,0,0,3,0,1,0,0,0,0,0,1,0,0,0,0.0,0.0,0,0,0,0,0,1,0,0,0,0,0,0,5,0,3,3,8,12,12,8,8.0,9.0,8.0,0,0,1,0,0,0,1
https://link.uinsgd.ac.id/2yt64,31,17,0,3,0,0,0,0,0,0,0,0,0,3,0,1,0,0,0,0,0,0,0,0,0,0.0967741935483871,0.0,0,0,0,0,0,2,0,0,0,0,0,0,6,0,2,2,5,6,6,5,4.0,3.5,5.0,0,0,0,0,0,0,1
https://dinkes.acehprov.go.id/,30,21,0,3,0,0,0,0,0,0,0,0,0,3,0,1,0,0,0,0,0,0,0,0,0,0.0,0.0,0,0,0,0,1,2,0,0,0,0,0,0,5,0,2,2,0,8,8,0,4.6,4.5,0.0,0,0,0,0,0,0,0
https://ofalangga.rotendaokab.go.id/,36,27,0,3,0,0,0,0,0,0,0,0,0,3,0,1,0,0,0,0,0,0,0,0,0,0.0,0.0,0,0,0,0,0,2,0,0,0,0,0,0,5,0,2,2,0,11,11,0,5.8,6.0,0.0,0,0,0,0,0,0,0
https://mataramkota.go.id/,26,17,0,2,0,0,0,0,0,0,0,0,0,3,0,1,0,0,0,0,0,0,0,0,0,0.0,0.0,0,0,0,0,0,1,0,0,0,0,0,0,4,0,2,2,0,11,11,0,5.0,5.0,0.0,0,0,0,0,0,0,0
https://tiktok.ymiznf.cn/app/#/,31,16,0,2,0,0,0,0,0,0,0,0,0,5,0,1,0,0,0,0,0,0,0,0,0,0.0,0.0,0,0,0,0,0,1,0,0,0,0,0,0,5,0,2,2,3,6,6,3,4.4,4.666666666666667,3.0,0,0,0,0,0,0,1
http://menara188bankmandiritaspen.pages.dev,43,36,0,2,0,0,0,0,0,0,0,0,0,2,0,1,0,0,0,0,0,0,0,0,0,0.06976744186046512,0.08333333333333333,0,0,0,0,1,1,0,0,0,0,0,0,4,0,3,3,0,26,26,0,9.5,11.333333333333334,0.0,0,0,1,0,0,0,1
https://puskesmas-busur.padangpanjang.go.id/program/kesehatan/olahraga,70,35,0,3,1,0,0,0,0,0,0,0,0,5,0,1,0,0,0,0,0,0,0,0,0,0.0,0.0,0,0,0,0,1,2,0,0,0,0,0,0,9,0,2,2,7,13,13,9,6.666666666666667,6.2,8.0,0,0,0,0,0,0,1
https://dukcapil.madiunkab.go.id/,33,24,0,3,0,0,0,0,0,0,0,0,0,3,0,1,0,0,0,0,0,0,0,0,0,0.0,0.0,0,0,0,0,0,2,0,0,0,0,0,0,5,0,2,2,0,9,9,0,5.2,5.25,0.0,0,0,0,0,0,0,0
https://kejari-bangka.kejaksaan.go.id/,38,29,0,3,1,0,0,0,0,0,0,0,0,3,0,1,0,0,0,0,0,0,0,0,0,0.0,0.0,0,0,0,0,0,2,0,0,0,0,0,0,6,0,2,2,0,9,9,0,5.0,5.0,0.0,0,0,0,0,0,0,0
https://sipp.pa-rengat.go.id/list_jadwal_sidang,47,20,0,3,1,0,0,0,0,0,2,0,0,3,0,1,0,0,0,0,0,0,0,0,0,0.0,0.0,0,0,0,0,0,2,0,0,0,0,0,0,9,0,2,2,4,6,6,6,4.111111111111111,3.2,5.333333333333333,0,0,0,0,0,0,0
https://ppid.madiunkab.go.id/,29,20,0,3,0,0,0,0,0,0,0,0,0,3,0,1,0,0,0,0,0,0,0,0,0,0.0,0.0,0,0,0,0,0,2,0,0,0,0,0,0,5,0,2,2,0,9,9,0,4.4,4.25,0.0,0,0,0,0,0,0,0
https://sipbos.probolinggokab.go.id/,36,27,0,3,0,0,0,0,0,0,0,0,0,3,0,1,0,0,0,0,0,0,0,0,0,0.0,0.0,0,0,0,0,0,2,0,0,0,0,0,0,5,0,2,2,0,14,14,0,5.8,6.0,0.0,0,0,0,0,0,0,1
https://www.pn-manna.go.id/,27,18,0,3,1,0,0,0,0,0,0,0,0,3,0,1,0,0,0,0,1,0,0,0,0,0.0,0.0,0,0,0,0,0,2,0,0,0,0,0,0,6,0,2,2,0,5,5,0,3.1666666666666665,2.8,0.0,0,0,0,0,0,0,1
https://kia-disdukcapil.surabaya.go.id/dispendik/admin/login/index.php,70,30,0,4,1,0,0,0,0,0,0,0,0,6,0,1,0,0,0,0,0,0,0,0,0,0.0,0.0,0,0,0,0,1,2,0,0,0,1,0,0,11,0,2,2,3,11,11,9,5.2727272727272725,5.2,5.4,1,0,0,0,0,0,1
https://bkd.madiunkab.go.id/wp-content/uploads/2022/11/Drbox%20(3).php,68,19,0,4,1,0,0,0,0,0,0,0,0,7,0,1,0,0,0,1,0,0,0,0,0,0.10294117647058823,0.0,0,0,0,0,0,2,0,0,0,1,0,0,13,0,1,2,1,9,9,7,4.0,4.0,3.6666666666666665,1,0,0,0,0,0,0
https://tiktokvart.github.io/Facebook/,38,20,0,2,0,0,0,0,0,0,0,0,0,4,0,1,0,0,0,0,0,0,0,0,0,0.0,0.0,0,0,0,0,0,1,0,0,0,0,0,0,5,0,2,2,8,10,10,8,6.2,6.0,8.0,0,0,0,0,0,0,1
https://pd.data.kemdikbud.go.id/verval-lulusan/,47,23,0,4,1,0,0,0,0,0,0,0,0,4,0,1,0,0,0,0,0,0,0,0,0,0.0,0.0,0,0,0,0,0,3,0,0,0,0,0,0,8,0,2,2,6,9,9,7,4.625,3.8,6.5,0,0,0,0,0,0,0
https://jdih.madiunkab.go.id/,29,20,0,3,0,0,0,0,0,0,0,0,0,3,0,1,0,0,0,0,0,0,0,0,0,0.0,0.0,0,0,0,0,0,2,0,0,0,0,0,0,5,0,2,2,0,9,9,0,4.4,4.25,0.0,0,0,0,0,0,0,0
https://smapluskomarulahyar.sch.id/video,40,26,0,2,0,0,0,0,0,0,0,0,0,3,0,1,0,0,0,0,0,0,0,0,0,0.0,0.0,0,0,0,0,0,1,0,0,0,0,0,0,5,0,2,2,5,19,19,5,6.8,8.0,5.0,0,0,0,0,0,0,1
https://login.tiktok-vip0110.com/,33,24,0,2,1,0,0,0,0,0,0,0,0,3,0,1,0,0,0,0,0,1,0,0,0,0.12121212121212122,0.16666666666666666,0,0,0,0,0,1,1,0,0,0,0,0,5,0,3,3,0,7,7,0,5.2,5.25,0.0,1,0,0,0,0,0,1
https://koperasimegaarthautama.id/wp-content/cgi-bin-auth/index.php,67,25,0,2,3,0,0,0,0,0,0,0,0,5,0,1,0,0,0,0,0,0,0,0,0,0.0,0.0,0,0,0,0,0,0,0,0,0,1,0,0,10,0,2,2,2,22,22,7,5.6,12.0,3.857142857142857,1,0,0,0,0,0,1
https://smpn1-gunungsari.sch.id/,32,23,0,2,1,0,0,0,0,0,0,0,0,3,0,1,0,0,0,0,0,0,0,0,0,0.03125,0.043478260869565216,0,0,0,0,0,1,0,0,0,0,0,0,5,0,2,2,0,10,10,0,5.0,5.0,0.0,0,0,0,0,0,0,0
https://www.sman1tanjungbintang.sch.id/,39,30,0,3,0,0,0,0,0,0,0,0,0,3,0,1,0,0,0,0,1,0,0,0,0,0.02564102564102564,0.03333333333333333,0,0,0,0,0,2,0,0,0,0,0,0,5,0,2,2,0,19,19,0,6.4,6.75,0.0,0,0,0,0,0,0,0
https://smkbinamandiribekasi.sch.id/,36,27,0,2,0,0,0,0,0,0,0,0,0,3,0,1,0,0,0,0,0,0,0,0,0,0.0,0.0,0,0,0,0,0,1,0,0,0,0,0,0,4,0,2,2,0,20,20,0,7.5,8.333333333333334,0.0,0,0,1,0,0,0,0
https://ishaqisra.my.id/ecpiiyt2q/Sites/index.html,50,15,0,3,0,0,0,0,0,0,0,0,0,5,0,1,0,0,0,0,0,0,0,0,0,0.02,0.0,0,0,0,0,0,1,0,0,0,1,0,0,8,0,2,2,4,9,9,9,5.125,4.333333333333333,5.75,0,0,0,0,0,0,1
https://smkganesasatria4tmg.sch.id/,35,26,0,2,0,0,0,0,0,0,0,0,0,3,0,1,0,0,0,0,0,0,0,0,0,0.02857142857142857,0.038461538461538464,0,0,0,0,0,1,0,0,0,0,0,0,4,0,2,2,0,19,19,0,7.25,8.0,0.0,0,0,0,0,0,0,0
https://gpmpay.gpmschool.sch.id/,32,23,0,3,0,0,0,0,0,0,0,0,0,3,0,1,0,0,0,0,0,0,0,0,0,0.0,0.0,0,0,0,0,0,2,0,0,0,0,0,0,5,0,2,2,0,9,9,0,5.0,5.0,0.0,0,0,0,0,0,0,0
https://smkbinamandiribna.sch.id/,33,24,0,2,0,0,0,0,0,0,0,0,0,3,0,1,0,0,0,0,0,0,0,0,0,0.0,0.0,0,0,0,0,0,1,0,0,0,0,0,0,4,0,2,2,0,17,17,0,6.75,7.333333333333333,0.0,0,0,1,0,0,0,0
https://kb-tkitdarulhikmahsidoharjo.sch.id/,43,34,0,2,1,0,0,0,0,0,0,0,0,3,0,1,0,0,0,0,0,0,0,0,0,0.0,0.0,0,0,0,0,1,1,0,0,0,0,0,0,5,0,2,2,0,24,24,0,7.2,7.75,0.0,0,0,0,0,0,0,0
https://www.smk-binadharma.sch.id/,34,25,0,3,1,0,0,0,0,0,0,0,0,3,0,1,0,0,0,0,1,0,0,0,0,0.0,0.0,0,0,0,0,1,2,0,0,0,0,0,0,6,0,2,2,0,10,10,0,4.333333333333333,4.2,0.0,0,0,0,0,0,0,0
https://smk-binadharma.sch.id/,30,21,0,2,1,0,0,0,0,0,0,0,0,3,0,1,0,0,0,0,0,0,0,0,0,0.0,0.0,0,0,0,0,0,1,0,0,0,0,0,0,5,0,2,2,0,10,10,0,4.6,4.5,0.0,0,0,0,0,0,0,0
https://peradi.or.id/dataulang/v2/adobe-3D6/,44,12,0,2,1,0,0,0,0,0,0,0,0,6,0,1,0,0,0,0,0,0,0,0,0,0.06818181818181818,0.0,0,0,0,0,0,1,0,0,0,0,0,0,8,0,2,2,2,9,6,9,4.25,3.3333333333333335,4.75,0,0,0,0,0,0,1
https://smpn1cibalong.sch.id/,29,20,0,2,0,0,0,0,0,0,0,0,0,3,0,1,0,0,0,0,0,0,0,0,0,0.034482758620689655,0.05,0,0,0,0,1,1,0,0,0,0,0,0,4,0,2,2,0,13,13,0,5.75,6.0,0.0,0,0,0,0,0,0,0
https://smkn1cempagahulu.sch.id/,32,23,0,2,0,0,0,0,0,0,0,0,0,3,0,1,0,0,0,0,0,0,0,0,0,0.03125,0.043478260869565216,0,0,0,0,1,1,0,0,0,0,0,0,4,0,2,2,0,16,16,0,6.5,7.0,0.0,0,0,0,0,0,0,1
https://insanmandiridepok.sch.id/,33,24,0,2,0,0,0,0,0,0,0,0,0,3,0,1,0,0,0,0,0,0,0,0,0,0.0,0.0,0,0,0,0,0,1,0,0,0,0,0,0,4,0,2,2,0,17,17,0,6.75,7.333333333333333,0.0,0,0,1,0,0,0,0
https://mail.yppkm.sch.id/,26,17,0,3,0,0,0,0,0,0,0,0,0,3,0,1,0,0,0,0,0,0,0,0,0,0.0,0.0,0,0,0,0,0,2,0,0,0,0,0,0,5,0,2,2,0,5,5,0,3.8,3.5,0.0,0,0,0,0,0,0,0
https://mail.sdnsukamaju1.sch.id/,33,24,0,3,0,0,0,0,0,0,0,0,0,3,0,1,0,0,0,0,0,0,0,0,0,0.030303030303030304,0.041666666666666664,0,0,0,0,0,2,0,0,0,0,0,0,5,0,2,2,0,12,12,0,5.2,5.25,0.0,0,0,0,0,0,0,0
https://www.globalmandiripatrol.sch.id/ppdb/,44,30,0,3,0,0,0,0,0,0,0,0,0,4,0,1,0,0,0,0,1,0,0,0,0,0.0,0.0,0,0,0,0,1,2,0,0,0,0,0,0,6,0,2,2,4,19,19,4,6.0,6.75,4.0,0,0,1,0,0,0,0
https://mail.smkputramandiribangsa.sch.id/,42,33,0,3,0,0,0,0,0,0,0,0,0,3,0,1,0,0,0,0,0,0,0,0,0,0.0,0.0,0,0,0,0,1,2,0,0,0,0,0,0,5,0,2,2,0,21,21,0,7.0,7.5,0.0,0,0,1,0,0,0,0
https://smpit.sit-imnabire.sch.id/,34,25,0,3,1,0,0,0,0,0,0,0,0,3,0,1,0,0,0,0,0,0,0,0,0,0.0,0.0,0,0,0,0,0,2,0,0,0,0,0,0,6,0,2,2,0,8,8,0,4.333333333333333,4.2,0.0,0,0,0,0,0,0,0
https://mail.maalfatich.sch.id/,31,22,0,3,0,0,0,0,0,0,0,0,0,3,0,1,0,0,0,0,0,0,0,0,0,0.0,0.0,0,0,0,0,0,2,0,0,0,0,0,0,5,0,2,2,0,10,10,0,4.8,4.75,0.0,0,0,0,0,0,0,0
https://mail.sman1ungaran.sch.id/,33,24,0,3,0,0,0,0,0,0,0,0,0,3,0,1,0,0,0,0,0,0,0,0,0,0.030303030303030304,0.041666666666666664,0,0,0,0,0,2,0,0,0,0,0,0,5,0,2,2,0,12,12,0,5.2,5.25,0.0,0,0,0,0,0,0,0
https://smk.alchasanah.sch.id/,30,21,0,3,0,0,0,0,0,0,0,0,0,3,0,1,0,0,0,0,0,0,0,0,0,0.0,0.0,0,0,0,0,0,2,0,0,0,0,0,0,5,0,2,2,0,10,10,0,4.6,4.5,0.0,0,0,0,0,0,0,0
https://smkbhaktipertiwi-tng.sch.id/,36,27,0,2,1,0,0,0,0,0,0,0,0,3,0,1,0,0,0,0,0,0,0,0,0,0.0,0.0,0,0,0,0,1,1,0,0,0,0,0,0,5,0,2,2,0,16,16,0,5.8,6.0,0.0,0,0,0,0,0,0,0
https://sman3cibeber.sch.id/,28,19,0,2,0,0,0,0,0,0,0,0,0,3,0,1,0,0,0,0,0,0,0,0,0,0.03571428571428571,0.05263157894736842,0,0,0,0,0,1,0,0,0,0,0,0,4,0,2,2,0,12,12,0,5.5,5.666666666666667,0.0,0,0,0,0,0,0,0
https://www.lkpjatimandiri.com.pkbmbinautama.sch.id/,52,43,0,5,0,0,0,0,0,0,0,0,0,3,0,1,0,0,0,0,1,1,0,0,0,0.0,0.0,0,0,0,1,1,4,0,0,0,0,0,0,7,0,2,2,0,14,14,0,6.142857142857143,6.333333333333333,0.0,0,0,1,0,0,0,0
https://lkpjatimandiri.com.pkbmbinautama.sch.id/,48,39,0,4,0,0,0,0,0,0,0,0,0,3,0,1,0,0,0,0,0,1,0,0,0,0.0,0.0,0,0,0,1,1,3,0,0,0,0,0,0,6,0,2,2,0,14,14,0,6.666666666666667,7.0,0.0,0,0,1,0,0,0,0
https://sdntelukan01.sch.id/,28,19,0,2,0,0,0,0,0,0,0,0,0,3,0,1,0,0,0,0,0,0,0,0,0,0.07142857142857142,0.10526315789473684,0,0,0,0,0,1,0,0,0,0,0,0,4,0,2,2,0,12,12,0,5.5,5.666666666666667,0.0,0,0,0,0,0,0,0
https://slbputramandirisemarang.sch.id/,39,30,0,2,0,0,0,0,0,0,0,0,0,3,0,1,0,0,0,0,0,0,0,0,0,0.0,0.0,0,0,0,0,1,1,0,0,0,0,0,0,4,0,2,2,0,23,23,0,8.25,9.333333333333334,0.0,0,0,1,0,0,0,0
https://masumberbungur.sch.id/,30,21,0,2,0,0,0,0,0,0,0,0,0,3,0,1,0,0,0,0,0,0,0,0,0,0.0,0.0,0,0,0,0,0,1,0,0,0,0,0,0,4,0,2,2,0,14,14,0,6.0,6.333333333333333,0.0,0,0,0,0,0,0,0
https://miannashriyah.sch.id/,29,20,0,2,0,0,0,0,0,0,0,0,0,3,0,1,0,0,0,0,0,0,0,0,0,0.0,0.0,0,0,0,0,0,1,0,0,0,0,0,0,4,0,2,2,0,13,13,0,5.75,6.0,0.0,0,0,0,0,0,0,0
https://t.me/s/E_tiktoke_commerce,33,4,0,1,0,0,0,0,0,0,2,0,0,4,0,1,0,0,0,0,0,0,0,0,0,0.0,0.0,0,0,0,0,0,0,0,0,0,0,0,0,7,0,1,1,1,8,2,8,3.5714285714285716,1.5,4.25,0,0,0,0,0,0,1
https://s.umj.ac.id/rkh,23,11,0,3,0,0,0,0,0,0,0,0,0,3,0,1,0,0,0,0,0,0,0,0,0,0.0,0.0,0,0,0,0,0,2,0,0,0,0,0,0,6,0,1,1,3,5,3,3,2.6666666666666665,2.0,3.0,0,0,0,0,0,0,1
https://mail.slbnsungailiat.sch.id/,35,26,0,3,0,0,0,0,0,0,0,0,0,3,0,1,0,0,0,0,0,0,0,0,0,0.0,0.0,0,0,0,0,0,2,0,0,0,0,0,0,5,0,2,2,0,14,14,0,5.6,5.75,0.0,0,0,0,0,0,0,0
https://s.id/20D5P,18,4,0,1,0,0,0,0,0,0,0,0,0,3,0,1,0,0,0,0,0,0,0,0,0,0.16666666666666666,0.0,0,0,0,0,0,0,0,0,1,0,0,0,4,0,1,1,5,5,2,5,3.25,1.5,5.0,0,0,0,0,0,0,1
https://mtsnsatuoganilir.sch.id/,32,23,0,2,0,0,0,0,0,0,0,0,0,3,0,1,0,0,0,0,0,0,0,0,0,0.0,0.0,0,0,0,0,0,1,0,0,0,0,0,0,4,0,2,2,0,16,16,0,6.5,7.0,0.0,0,0,0,0,0,0,0
https://mail.man4garut.sch.id/,30,21,0,3,0,0,0,0,0,0,0,0,0,3,0,1,0,0,0,0,0,0,0,0,0,0.03333333333333333,0.047619047619047616,0,0,0,0,0,2,0,0,0,0,0,0,5,0,2,2,0,9,9,0,4.6,4.5,0.0,0,0,0,0,0,0,0
https://mail.kkmibeji.sch.id/,29,20,0,3,0,0,0,0,0,0,0,0,0,3,0,1,0,0,0,0,0,0,0,0,0,0.0,0.0,0,0,0,0,0,2,0,0,0,0,0,0,5,0,2,2,0,8,8,0,4.4,4.25,0.0,0,0,0,0,0,0,0
https://smknegeri1pedan.sch.id/,31,22,0,2,0,0,0,0,0,0,0,0,0,3,0,1,0,0,0,0,0,0,0,0,0,0.03225806451612903,0.045454545454545456,0,0,0,0,0,1,0,0,0,0,0,0,4,0,2,2,0,15,15,0,6.25,6.666666666666667,0.0,0,0,0,0,0,0,0
https://smansatitehena.sch.id/tentang-sekolah,45,21,0,2,1,0,0,0,0,0,0,0,0,3,0,1,0,0,0,0,0,0,0,0,0,0.0,0.0,0,0,0,0,0,1,0,0,0,0,0,0,6,0,2,2,7,14,14,7,6.333333333333333,6.333333333333333,7.0,0,0,0,0,0,0,1
https://min3parigi.sch.id/,26,17,0,2,0,0,0,0,0,0,0,0,0,3,0,1,0,0,0,0,0,0,0,0,0,0.038461538461538464,0.058823529411764705,0,0,0,0,0,1,0,0,0,0,0,0,4,0,2,2,0,10,10,0,5.0,5.0,0.0,0,0,0,0,0,0,0
https://bim.sch.id/,19,10,0,2,0,0,0,0,0,0,0,0,0,3,0,1,0,0,0,0,0,0,0,0,0,0.0,0.0,0,0,0,0,0,1,0,0,0,0,0,0,4,0,2,2,0,5,3,0,3.25,2.6666666666666665,0.0,0,0,0,0,0,0,0
https://ptsp.mansel.sch.id/,27,18,0,3,0,0,0,0,0,0,0,0,0,3,0,1,0,0,0,0,0,0,0,0,0,0.0,0.0,0,0,0,0,0,2,0,0,0,0,0,0,5,0,2,2,0,6,6,0,4.0,3.75,0.0,0,0,0,0,0,0,0
https://www.misbhaktimandiri.sch.id/,36,27,0,3,0,0,0,0,0,0,0,0,0,3,0,1,0,0,0,0,1,0,0,0,0,0.0,0.0,0,0,0,0,0,2,0,0,0,0,0,0,5,0,2,2,0,16,16,0,5.8,6.0,0.0,0,0,1,0,0,0,0
https://sdit-buahhati-clp.sch.id/,33,24,0,2,2,0,0,0,0,0,0,0,0,3,0,1,0,0,0,0,0,0,0,0,0,0.0,0.0,0,0,0,0,0,1,0,0,0,0,0,0,6,0,2,2,0,8,8,0,4.166666666666667,4.0,0.0,0,0,0,0,0,0,0
https://mtsn6tulungagung.sch.id/,32,23,0,2,0,0,0,0,0,0,0,0,0,3,0,1,0,0,0,0,0,0,0,0,0,0.03125,0.043478260869565216,0,0,0,0,0,1,0,0,0,0,0,0,4,0,2,2,0,16,16,0,6.5,7.0,0.0,0,0,0,0,0,0,0
https://spmb.ptm.sch.id/,24,15,0,3,0,0,0,0,0,0,0,0,0,3,0,1,0,0,0,0,0,0,0,0,0,0.0,0.0,0,0,0,0,0,2,0,0,0,0,0,0,5,0,2,2,0,5,4,0,3.4,3.0,0.0,0,0,0,0,0,0,0
https://batalkanbni.ika.sch.id/,31,22,0,3,0,0,0,0,0,0,0,0,0,3,0,1,0,0,0,0,0,0,0,0,0,0.0,0.0,0,0,0,0,0,2,0,0,0,0,0,0,5,0,2,2,0,11,11,0,4.8,4.75,0.0,0,0,1,0,0,0,1
https://bcm.sch.id/,19,10,0,2,0,0,0,0,0,0,0,0,0,3,0,1,0,0,0,0,0,0,0,0,0,0.0,0.0,0,0,0,0,0,1,0,0,0,0,0,0,4,0,2,2,0,5,3,0,3.25,2.6666666666666665,0.0,0,0,0,0,0,0,0
https://ppdb.smpn1pdh.sch.id/folder/catat-ilmiah/,49,20,0,3,1,0,0,0,0,0,0,0,0,5,0,1,0,0,0,0,0,0,0,0,0,0.02040816326530612,0.05,0,0,0,0,0,2,0,0,0,0,0,0,8,0,2,2,5,8,8,6,4.875,4.25,5.666666666666667,0,0,0,0,0,0,0
https://cakraproteksi.co.id/,28,19,0,2,0,0,0,0,0,0,0,0,0,3,0,1,0,0,0,0,0,0,0,0,0,0.0,0.0,0,0,0,0,0,1,0,0,0,0,0,0,4,0,2,2,0,13,13,0,5.5,5.666666666666667,0.0,0,0,0,0,0,0,0
https://ptcgm.co.id/,20,11,0,2,0,0,0,0,0,0,0,0,0,3,0,1,0,0,0,0,0,0,0,0,0,0.0,0.0,0,0,0,0,0,1,0,0,0,0,0,0,4,0,2,2,0,5,5,0,3.5,3.0,0.0,0,0,0,0,0,0,0
https://www.rubberdwitamamandiri.co.id/,39,30,0,3,0,0,0,0,0,0,0,0,0,3,0,1,0,0,0,0,1,0,0,0,0,0.0,0.0,0,0,0,0,0,2,0,0,0,0,0,0,5,0,2,2,0,20,20,0,6.4,6.75,0.0,0,0,1,0,0,0,0
https://donasi.yayasan-bmri.co.id/,34,25,0,3,1,0,0,0,0,0,0,0,0,3,0,1,0,0,0,0,0,0,0,0,0,0.0,0.0,0,0,0,0,0,2,0,0,0,0,0,0,6,0,2,2,0,7,7,0,4.333333333333333,4.2,0.0,0,0,0,0,0,0,1
https://autopay.bni.co.id/login,31,17,0,3,0,0,0,0,0,0,0,0,0,3,0,1,0,0,0,0,0,0,0,0,0,0.0,0.0,0,0,0,0,0,2,0,0,0,0,0,0,6,0,2,2,5,7,7,5,4.0,3.5,5.0,1,0,1,0,0,0,1
https://recruitment.dpi.co.id/,30,21,0,3,0,0,0,0,0,0,0,0,0,3,0,1,0,0,0,0,0,0,0,0,0,0.0,0.0,0,0,0,0,0,2,0,0,0,0,0,0,5,0,2,2,0,11,11,0,4.6,4.5,0.0,0,0,0,0,0,0,0
https://megahsaktimandiri.co.id/,32,23,0,2,0,0,0,0,0,0,0,0,0,3,0,1,0,0,0,0,0,0,0,0,0,0.0,0.0,0,0,0,0,0,1,0,0,0,0,0,0,4,0,2,2,0,17,17,0,6.5,7.0,0.0,0,0,1,0,0,0,0
https://cvmediamandiri.co.id/,29,20,0,2,0,0,0,0,0,0,0,0,0,3,0,1,0,0,0,0,0,0,0,0,0,0.0,0.0,0,0,0,0,0,1,0,0,0,0,0,0,4,0,2,2,0,14,14,0,5.75,6.0,0.0,0,0,1,0,0,0,0
https://binamultimandiri.co.id/,31,22,0,2,0,0,0,0,0,0,0,0,0,3,0,1,0,0,0,0,0,0,0,0,0,0.0,0.0,0,0,0,0,0,1,0,0,0,0,0,0,4,0,2,2,0,16,16,0,6.25,6.666666666666667,0.0,0,0,1,0,0,0,0
https://s.ub.ac.id/mobilessobiglobenejp/,40,10,0,3,0,0,0,0,0,0,0,0,0,4,0,1,0,0,0,0,0,0,0,0,0,0.0,0.0,0,0,0,0,0,2,0,0,0,0,0,0,6,0,1,1,20,20,2,20,5.333333333333333,1.75,20.0,0,0,0,0,0,0,1
https://berkahmandiriservice.co.id/,35,26,0,2,0,0,0,0,0,0,0,0,0,3,0,1,0,0,0,0,0,0,0,0,0,0.0,0.0,0,0,0,0,1,1,0,0,0,0,0,0,4,0,2,2,0,20,20,0,7.25,8.0,0.0,0,0,1,0,0,0,0
https://stm-asb.co.id/,22,13,0,2,1,0,0,0,0,0,0,0,0,3,0,1,0,0,0,0,0,0,0,0,0,0.0,0.0,0,0,0,0,0,1,0,0,0,0,0,0,5,0,2,2,0,5,3,0,3.0,2.5,0.0,0,0,0,0,0,0,0
https://cvpaypal.co.id/,23,14,0,2,0,0,0,0,0,0,0,0,0,3,0,1,0,0,0,0,0,0,0,0,0,0.0,0.0,0,0,0,0,0,1,0,0,0,0,0,0,4,0,2,2,0,8,8,0,4.25,4.0,0.0,0,0,0,0,0,0,1
https://www.bni.co.id/id-id/,28,13,0,3,1,0,0,0,0,0,0,0,0,4,0,1,0,0,0,0,1,0,0,0,0,0.0,0.0,0,0,0,0,0,2,0,0,0,0,0,0,7,0,2,2,2,5,3,2,2.7142857142857144,2.5,2.0,0,0,1,0,0,0,0
https://www.ciptainformatika.co.id/,35,26,0,3,0,0,0,0,0,0,0,0,0,3,0,1,0,0,0,0,1,0,0,0,0,0.0,0.0,0,0,0,0,1,2,0,0,0,0,0,0,5,0,2,2,0,16,16,0,5.6,5.75,0.0,0,0,0,0,0,0,0
https://ekstra.pengajartekno.co.id/aplikasi-langsung-dapat-saldo-dana/,70,26,0,3,4,0,0,0,0,0,0,0,0,4,0,1,0,0,0,0,0,0,0,0,0,0.0,0.0,0,0,0,0,0,2,0,0,0,0,0,0,10,0,2,2,4,13,13,8,5.8,5.75,6.0,0,0,0,1,0,0,0
https://www.temanumroh.com.farrald-teknindo.co.id/,50,41,0,5,1,0,0,0,0,0,0,0,0,3,0,1,0,0,0,0,1,1,0,0,0,0.0,0.0,0,0,0,1,1,4,0,0,0,0,0,0,8,0,2,2,0,10,10,0,5.0,5.0,0.0,0,0,0,0,0,0,0
https://training.terraprima.co.id/,34,25,0,3,0,0,0,0,0,0,0,0,0,3,0,1,0,0,0,0,0,0,0,0,0,0.0,0.0,0,0,0,0,0,2,0,0,0,0,0,0,5,0,2,2,0,10,10,0,5.4,5.5,0.0,0,0,0,0,0,0,0
https://www.queue.mahligaidigital.co.id/,40,31,0,4,0,0,0,0,0,0,0,0,0,3,0,1,0,0,0,0,1,0,0,0,0,0.0,0.0,0,0,0,0,1,3,0,0,0,0,0,0,6,0,2,2,0,15,15,0,5.333333333333333,5.4,0.0,0,0,0,0,0,0,0
https://mpp.co.id/,18,9,0,2,0,0,0,0,0,0,0,0,0,3,0,1,0,0,0,0,0,0,0,0,0,0.0,0.0,0,0,0,0,0,1,0,0,0,0,0,0,4,0,2,2,0,5,3,0,3.0,2.3333333333333335,0.0,0,0,0,0,0,0,0
https://s.id/20ATd,18,4,0,1,0,0,0,0,0,0,0,0,0,3,0,1,0,0,0,0,0,0,0,0,0,0.1111111111111111,0.0,0,0,0,0,0,0,0,0,1,0,0,0,4,0,1,1,5,5,2,5,3.25,1.5,5.0,0,0,0,0,0,0,1
https://mandiriindococonut.co.id/home/product/CocoPeat,54,24,0,2,0,0,0,0,0,0,0,0,0,5,0,1,0,0,0,0,0,0,0,0,0,0.0,0.0,0,0,0,0,0,1,0,0,0,0,0,0,7,0,2,2,4,18,18,8,6.571428571428571,7.333333333333333,6.333333333333333,0,0,1,0,0,0,0
https://oto.co.id/,18,9,0,2,0,0,0,0,0,0,0,0,0,3,0,1,0,0,0,0,0,0,0,0,0,0.0,0.0,0,0,0,0,0,1,0,0,0,0,0,0,4,0,2,2,0,5,3,0,3.0,2.3333333333333335,0.0,0,0,0,0,0,0,0
https://keuangan.kontan.co.id/news/konsisten-dukung-ekonomi-hijau-bank-mandiri-pimpin-pembiayaan-berkelanjutan-nasional,119,21,0,3,9,0,0,0,0,0,0,0,0,4,0,1,0,0,0,0,0,0,0,0,0,0.0,0.0,0,0,0,0,0,2,0,0,0,0,0,0,16,0,2,2,4,13,8,13,6.375,4.5,7.181818181818182,0,0,0,1,0,0,0
https://native.kontan.co.id/news/jawara-pembiayaan-hijau-bank-mandiri-dukung-asean-indo-pacific-forum-aipf,106,19,0,3,10,0,0,0,0,0,0,0,0,4,0,1,0,0,0,0,0,0,0,0,0,0.0,0.0,0,0,0,0,0,2,0,0,0,0,0,0,17,0,2,2,4,10,6,10,5.176470588235294,4.0,5.583333333333333,0,0,0,1,0,0,0
https://www.kartikamandirisukses.co.id/,39,30,0,3,0,0,0,0,0,0,0,0,0,3,0,1,0,0,0,0,1,0,0,0,0,0.0,0.0,0,0,0,0,1,2,0,0,0,0,0,0,5,0,2,2,0,20,20,0,6.4,6.75,0.0,0,0,1,0,0,0,0
https://research.mandirisekuritas.co.id/r/rjRS,46,31,0,3,0,0,0,0,0,0,0,0,0,4,0,1,0,0,0,0,0,0,0,0,0,0.0,0.0,0,0,0,0,1,2,0,0,0,0,0,0,7,0,1,2,1,16,16,4,5.428571428571429,7.0,2.5,0,0,1,0,0,0,0
https://ayanadutamandiri.co.id/sous-chef-pelatihan-sertifikasi-dan-keterampilan-yang-perlu-dikuasai-untuk-sukses/,113,22,0,2,10,0,0,0,0,0,0,0,0,4,0,1,0,0,0,0,0,0,0,0,0,0.0,0.0,0,0,0,0,0,1,0,0,0,0,0,0,15,0,2,2,3,16,16,12,6.4,6.666666666666667,6.454545454545454,0,0,1,0,0,0,0
https://en.mitrausahamandiri.co.id/,35,26,0,3,0,0,0,0,0,0,0,0,0,3,0,1,0,0,0,0,0,0,0,0,0,0.0,0.0,0,0,0,0,0,2,0,0,0,0,0,0,5,0,2,2,0,17,17,0,5.6,5.75,0.0,0,0,1,0,0,0,0
https://karyamandiriintegritas.co.id/,37,28,0,2,0,0,0,0,0,0,0,0,0,3,0,1,0,0,0,0,0,0,0,0,0,0.0,0.0,0,0,0,0,0,1,0,0,0,0,0,0,4,0,2,2,0,22,22,0,7.75,8.666666666666666,0.0,0,0,1,0,0,0,0
https://www.va.permata.bankslemansyariah.co.id/,47,38,0,5,0,0,0,0,0,0,0,0,0,3,0,1,0,0,0,0,1,0,0,0,0,0.0,0.0,0,0,0,0,1,4,0,0,0,0,0,0,7,0,2,2,0,17,17,0,5.428571428571429,5.5,0.0,0,0,1,0,0,0,1
https://neas.co.id/lonos/,25,10,0,2,0,0,0,0,0,0,0,0,0,4,0,1,0,0,0,0,0,0,0,0,0,0.0,0.0,0,0,0,0,0,1,0,0,0,0,0,0,5,0,2,2,5,5,4,5,3.6,2.6666666666666665,5.0,0,0,0,0,0,0,1
https://bajradaya.co.id/mce/hjfkghjwjuhnmfdkbnpfmmvhbfdheeywbndkddjjff/Y3plY2guYnJhbmNoQHBrb2JwLnBs,99,15,0,2,0,0,0,0,0,0,0,0,0,5,0,1,0,0,0,0,0,0,0,0,0,0.030303030303030304,0.0,0,0,0,0,0,1,0,0,0,0,0,0,7,0,2,2,3,42,9,42,13.0,4.333333333333333,24.333333333333332,0,0,0,0,0,0,1
http://citramusi.co.id/?gclid=Cj0KCQjw98ujBhCgARIsAD7QeAhk7dddULSWP-bpqYHv_0nVUJ6R8kzx3sBVgWF33WvyNASDKcobcIkaAlE_EALw_wcB,122,15,0,2,1,0,1,0,0,1,3,0,0,3,0,1,0,0,0,0,0,0,0,0,0,0.09016393442622951,0.0,0,0,0,0,0,1,0,0,0,0,0,0,10,0,2,2,0,38,9,0,11.0,4.333333333333333,0.0,1,0,0,0,0,0,1
https://id-bca.shop/,20,11,0,1,1,0,0,0,0,0,0,0,0,3,0,1,0,0,0,0,0,0,0,0,0,0.0,0.0,0,0,0,0,0,0,1,0,0,0,0,0,4,0,2,2,0,5,4,0,3.5,3.0,0.0,0,0,0,0,0,0,1
https://ishaqisra.my.id/Accountupdateplala/Sites/index.html,59,15,0,3,0,0,0,0,0,0,0,0,0,5,0,1,0,0,0,0,0,0,0,0,0,0.0,0.0,0,0,0,0,0,1,0,0,0,1,0,0,8,0,2,2,4,18,9,18,6.25,4.333333333333333,8.0,2,0,0,0,0,0,1
https://jal-membership.center.petjahtelor.biz.id/,49,40,0,4,1,0,0,0,0,0,0,0,0,3,0,1,0,0,0,0,0,0,0,0,0,0.0,0.0,0,0,0,0,1,3,0,0,0,0,0,0,7,0,2,2,0,11,11,0,5.714285714285714,5.833333333333333,0.0,0,0,0,0,0,0,1
https://voskohosting.panellku-vvip.my.id/,41,32,0,3,1,0,0,0,0,0,0,0,0,3,0,1,0,0,0,0,0,0,0,0,0,0.0,0.0,0,0,0,0,1,2,0,0,0,0,0,0,6,0,2,2,0,12,12,0,5.5,5.6,0.0,0,0,0,0,0,0,1
https://node.vosko.panellku-vvip.my.id/,39,30,0,4,1,0,0,0,0,0,0,0,0,3,0,1,0,0,0,0,0,0,0,0,0,0.0,0.0,0,0,0,0,1,3,0,0,0,0,0,0,7,0,2,2,0,8,8,0,4.285714285714286,4.166666666666667,0.0,0,0,0,0,0,0,1
https://node5.joshua-store.biz.id/,34,25,0,3,1,0,0,0,0,0,0,0,0,3,0,1,0,0,0,0,0,0,0,0,0,0.029411764705882353,0.04,0,0,0,0,1,2,0,0,0,0,0,0,6,0,2,2,0,6,6,0,4.333333333333333,4.2,0.0,0,0,0,0,0,0,1
https://yayasansclerodermaindonesia.org/css/gr/mail-commufa-jp-am_bin-amlogin/,78,31,0,1,4,0,0,0,0,0,1,0,0,6,0,1,0,0,0,0,0,0,0,0,0,0.0,0.0,0,0,0,0,0,0,0,0,0,0,0,0,11,0,2,3,2,27,27,7,5.909090909090909,15.0,3.75,1,0,0,0,0,0,1
https://s.id/20D6r,18,4,0,1,0,0,0,0,0,0,0,0,0,3,0,1,0,0,0,0,0,0,0,0,0,0.16666666666666666,0.0,0,0,0,0,0,0,0,0,1,0,0,0,4,0,1,1,5,5,2,5,3.25,1.5,5.0,0,0,0,0,0,0,1
https://s.id/20D9m,18,4,0,1,0,0,0,0,0,0,0,0,0,3,0,1,0,0,0,0,0,0,0,0,0,0.16666666666666666,0.0,0,0,0,0,0,0,0,0,1,0,0,0,4,0,1,1,5,5,2,5,3.25,1.5,5.0,0,0,0,0,0,0,1
https://icloudbuscar.id/expire/?5,33,15,0,1,0,0,1,0,0,0,0,0,0,4,0,1,0,0,0,0,0,0,0,0,0,0.030303030303030304,0.0,0,0,0,0,0,0,0,0,0,0,0,0,5,0,1,2,6,12,12,6,5.2,7.0,6.0,0,0,0,0,0,0,1
https://icloudbuscar.id,23,15,0,1,0,0,0,0,0,0,0,0,0,2,0,1,0,0,0,0,0,0,0,0,0,0.0,0.0,0,0,0,0,0,0,0,0,0,0,0,0,3,0,2,2,0,12,12,0,6.333333333333333,7.0,0.0,0,0,0,0,0,0,1
https://manageaccntswebapapiujsgdkwesdg.kratos1.biz.id/?yyy,59,46,0,3,0,0,1,0,0,0,0,0,0,3,0,1,0,0,0,0,0,0,0,0,0,0.01694915254237288,0.021739130434782608,0,0,0,0,1,2,0,0,0,0,0,0,6,0,2,2,0,31,31,0,8.5,10.75,0.0,0,0,0,0,0,0,1
https://s.id/EG3Nm,18,4,0,1,0,0,0,0,0,0,0,0,0,3,0,1,0,0,0,0,0,0,0,0,0,0.05555555555555555,0.0,0,0,0,0,0,0,0,0,1,0,0,0,4,0,1,1,5,5,2,5,3.25,1.5,5.0,0,0,0,0,0,0,1
https://managewbepapaoiahsdgiohoewqafsd.goblin5.biz.id/?yyy,59,46,0,3,0,0,1,0,0,0,0,0,0,3,0,1,0,0,0,0,0,0,0,0,0,0.01694915254237288,0.021739130434782608,0,0,0,0,1,2,0,0,0,0,0,0,6,0,2,2,0,31,31,0,8.5,10.75,0.0,0,0,0,0,0,0,1
https://xlynnid-danaz.mildcou.biz.id/,37,28,0,3,1,0,0,0,0,0,0,0,0,3,0,1,0,0,0,0,0,0,0,0,0,0.0,0.0,0,0,0,0,1,2,0,0,0,0,0,0,6,0,2,2,0,7,7,0,4.833333333333333,4.8,0.0,0,0,1,0,0,0,1
https://e-form.dana-dibekukan.my.id/,36,27,0,3,2,0,0,0,0,0,0,0,0,3,0,1,0,0,0,0,0,0,0,0,0,0.0,0.0,0,0,0,0,1,2,0,0,0,0,0,0,7,0,1,1,0,9,9,0,3.857142857142857,3.6666666666666665,0.0,0,0,1,0,0,0,1
https://link-dana-250000.darksr.my.id/,38,29,0,3,2,0,0,0,0,0,0,0,0,3,0,1,0,0,0,0,0,0,0,0,0,0.15789473684210525,0.20689655172413793,0,0,0,0,1,2,0,0,0,0,0,0,7,1,2,2,0,6,6,0,4.142857142857143,4.0,0.0,0,0,1,0,0,0,1
https://claim-danaa-pending.naa.my.id/,38,29,0,3,2,0,0,0,0,0,0,0,0,3,0,1,0,0,0,0,0,0,0,0,0,0.0,0.0,0,0,0,0,0,2,0,0,0,0,0,0,7,0,2,2,0,7,7,0,4.142857142857143,4.0,0.0,0,0,1,0,0,0,1
https://danaaindoonesia.wvx.my.id/,34,25,0,3,0,0,0,0,0,0,0,0,0,3,0,1,0,0,0,0,0,0,0,0,0,0.0,0.0,0,0,0,0,0,2,0,0,0,0,0,0,5,0,2,2,0,15,15,0,5.4,5.5,0.0,0,0,1,0,0,0,1
https://incxz-ld.anym.biz.id/xid/p6/login.php,45,20,0,4,1,0,0,0,0,0,0,0,0,5,0,1,0,0,0,0,0,0,0,0,0,0.022222222222222223,0.0,0,0,0,0,1,2,0,0,0,1,0,0,10,0,2,2,2,5,5,5,3.4,3.2,3.25,1,0,0,0,0,0,1
https://managewbeppauityiukwetrfiu342rsdg.goblin3.biz.id/?yyy,61,48,0,3,0,0,1,0,0,0,0,0,0,3,0,1,0,0,0,0,0,0,0,0,0,0.06557377049180328,0.08333333333333333,0,0,0,0,1,2,0,0,0,0,0,0,6,0,2,2,0,33,33,0,8.833333333333334,11.25,0.0,0,0,0,0,0,0,1
https://danaid.7xb.web.id/,26,17,0,3,0,0,0,0,0,0,0,0,0,3,0,1,0,0,0,0,0,0,0,0,0,0.038461538461538464,0.058823529411764705,0,0,0,0,0,2,0,0,0,0,0,0,5,0,2,2,0,6,6,0,3.8,3.5,0.0,0,0,1,0,0,0,1
https://managewebappaaloiyiowqaetgsdgsddhfr.moonrise5.biz.id/?yyy,65,52,0,3,0,0,1,0,0,0,0,0,0,3,0,1,0,0,0,0,0,0,0,0,0,0.015384615384615385,0.019230769230769232,0,0,0,0,1,2,0,0,0,0,0,0,6,0,2,2,0,35,35,0,9.5,12.25,0.0,0,0,0,0,0,0,1
https://shopee-deals.duckdns.org,32,24,0,2,1,0,0,0,0,0,0,0,0,2,0,1,0,0,0,0,0,0,0,0,0,0.0,0.0,0,0,0,0,0,1,0,0,0,0,0,0,5,0,3,3,0,7,7,0,5.2,5.25,0.0,0,0,1,0,0,0,1
https://web-mandiri-kopra.godaddysites.com/,43,34,0,2,2,0,0,0,0,0,0,0,0,3,0,1,0,0,0,0,0,1,0,0,0,0.0,0.0,0,0,0,0,1,1,0,0,0,0,0,0,6,0,3,3,0,12,12,0,5.833333333333333,6.0,0.0,0,0,1,0,0,0,1
https://shopee-br-aq.vercel.app/,32,23,0,2,2,0,0,0,0,0,0,0,0,3,0,1,0,0,0,0,0,0,0,0,0,0.0,0.0,0,0,0,0,0,1,0,0,0,0,0,0,6,0,2,2,0,6,6,0,4.0,3.8,0.0,0,0,1,0,0,0,1
https://webkoprabymandiri.godaddysites.com/,43,34,0,2,0,0,0,0,0,0,0,0,0,3,0,1,0,0,0,0,0,1,0,0,0,0.0,0.0,0,0,0,0,1,1,0,0,0,0,0,0,4,0,3,3,0,17,17,0,9.25,10.666666666666666,0.0,0,0,1,0,0,0,1
https://shopee-br-tra.vercel.app/,33,24,0,2,2,0,0,0,0,0,0,0,0,3,0,1,0,0,0,0,0,0,0,0,0,0.0,0.0,0,0,0,0,0,1,0,0,0,0,0,0,6,0,2,2,0,6,6,0,4.166666666666667,4.0,0.0,0,0,1,0,0,0,1
https://shopee-br-dec.vercel.app/,33,24,0,2,2,0,0,0,0,0,0,0,0,3,0,1,0,0,0,0,0,0,0,0,0,0.0,0.0,0,0,0,0,0,1,0,0,0,0,0,0,6,0,2,2,0,6,6,0,4.166666666666667,4.0,0.0,0,0,1,0,0,0,1
https://dashboardshopee.vercel.app/,35,26,0,2,0,0,0,0,0,0,0,0,0,3,0,1,0,0,0,0,0,0,0,0,0,0.0,0.0,0,0,0,0,0,1,0,0,0,0,0,0,4,0,3,3,0,15,15,0,7.25,8.0,0.0,0,0,1,0,0,0,1
https://shopee-br-fin.vercel.app/,33,24,0,2,2,0,0,0,0,0,0,0,0,3,0,1,0,0,0,0,0,0,0,0,0,0.0,0.0,0,0,0,0,0,1,0,0,0,0,0,0,6,0,2,2,0,6,6,0,4.166666666666667,4.0,0.0,0,0,1,0,0,0,1
